Sample ID,key,Al,Si,Ti,Fe,Mn,Mg,Ca,Na,K,P,S,Cl,As,Ba,Bi,Br,Cd,Co,Cr,Cs,Cu,Ga,Hf,Hg,La,Mo,Nb,Ni,Pb,Rb,Sc,Se,Sn,Sr,Ta,Th,U,V,W,Y,Zn,Zr
BC-DUK-102,bc_1,79921.29764701739,309852.06346285524,5718.67915726166,41519.614622743284,218.50087882960656,13018.891062373277,1811.37633604313,3871.5780025689587,30977.851956235005,442.27104147233536,12720.0,136.2326852634545,9.386387434554974,258.57165603115965,0,9.7,0.0,20.34052042614011,86.79819553836016,21.3,38.73347200994527,18.926448569010937,2.8,10.7,0.0,63.41570770413543,14.94603375375561,101.13572147664442,13.965306911368886,145.96208746724525,0.0,1.8,0.0,106.02255941821805,23.1,12.83241661800469,12.719004017520598,160.85021768152063,0.0,30.37887675269308,970.9288137783967,245.73902215198666
BC-DUK-52,bc_2,90533.46486952476,304758.72622754535,4873.952779588497,80845.32622711174,121.62432430909641,12853.479143045663,1485.1705222535302,0.0,30420.137666229868,836.8660761804509,47180.0,150.98619329388563,78.14450261780104,265.3041971157789,0,7.8,0.0,43.97238719955209,73.36875444544954,0.0,56.53891025808477,16.6574883604453,2.7,13.8,73.8,105.19294757679222,13.845712250411637,102.88102457206337,17.001243196449078,136.08952171763968,0.0,0.9,0.0,214.47906189011422,27.5,11.744923684275477,8.191038587283266,215.19834999363985,6.3,25.187549712675903,128.84249411576246,213.58686240651707
BC-DUK-62,bc_3,85862.08025483254,292756.16630781494,5511.4448823652065,44942.10333140798,191.24700577129005,12454.544514079069,1233.6902693320324,2888.32009715462,32538.040033338006,478.7888338874823,14630.0,105.12952944491408,30.081675392670157,308.9605182113571,0,6.4,0.0,21.85453974588517,85.50836221305237,0.0,39.464292236548005,16.82350983912083,5.0,10.1,63.8,50.70400052920738,15.266960858897601,86.71400642502483,15.58447293007832,152.18939817084262,0.0,0.0,0.0,139.9030467254172,23.9,13.049915204750533,9.819071101525902,225.32533116981116,1.1,29.753994794172492,102.22413192134235,239.15206853273222
BC-DUK-72,bc_4,84034.14714473557,290984.57074770716,5654.535215031805,43099.22479597314,204.16910075583664,12868.0743123981,1947.8941876290862,3195.5881925966005,32326.249796627184,472.905411776153,12460.0,131.3579881656805,59.5979057591623,329.57892528300374,0,6.3,0.0,17.575789494431746,92.71625432506654,0.0,39.13210122445585,17.764298218282196,4.1,13.6,0.0,52.91783717203192,15.817121610569586,84.78498721429864,16.596451691771716,152.56911223813515,0.0,0.7,0.0,122.76808762752337,24.6,13.339913320411654,10.531335326507055,212.66660469959703,5.4,30.71535165343493,135.9781394028209,248.5433687423623
BC-DUK-82,bc_5,89721.05015392613,288681.49651956704,5516.379031767504,48594.95185700204,236.20023317207645,13588.102667118297,1504.570427478903,3072.6809544198086,34670.0617495602,539.0431913724748,13810.0,135.75815722738798,51.90785340314136,312.95796448034986,0,6.9,0.0,20.07721271835836,87.7845386694779,43.9,44.912224834859344,19.147810540578316,3.6,10.5,82.8,60.63055837929164,14.99188048306161,88.36745146279014,17.608430453465115,165.7831617799149,0.0,0.9,2.8,156.45385949042827,18.7,13.267413791496375,11.345351583628375,117.05102409457979,0.0,30.426944595656195,684.0598380807004,225.19555294342086
BC-DUK-92,bc_6,80987.5919612406,288592.91674156167,5664.403513836399,43406.37121854561,183.33711732620395,12157.77607057953,1110.1056878963252,3625.7635262153735,31464.96950066988,494.61321060071265,12300.0,122.98903916596225,24.766492146596857,269.40683933921883,0,7.8,0.0,16.325077882468438,82.6252053682467,29.7,27.306101193975138,19.535193990821227,4.7,8.8,0.0,56.48854143465216,15.542041234733592,87.44887088625386,14.673692044554263,148.3922574979174,0.0,0.6,1.9,124.22845345973023,20.0,13.412412849326936,11.497979631838621,131.73514680002816,2.3,30.330808909729953,262.0946566673475,249.39119445573166
BC-HAN-16,bc_7,102618.13376405473,280753.60638808465,5975.254926181079,38124.54970180825,460.02658144985986,16959.586787531105,8061.738393654869,0.0,39901.28059631729,329.6745148589656,3350.0,33.60521273598197,0.0,291.603185727573,0,0.0,0.0,15.79846246690494,104.32475425283673,24.8,33.08622480437863,20.642003848658124,4.2,5.5,57.4,0.0,15.3128075882036,51.1649381130708,9.917391864595295,194.64143089414654,0.0,0.0,0.0,119.36056735237403,16.1,13.049915204750533,5.901617864129558,158.40286389727922,2.8,28.023552447500098,79.85508658326037,240.0651116086685
BC-HAN-24,bc_8,102110.37456680558,274110.12303768034,5659.469364434102,43614.79200529122,404.8923095157942,18083.414827668712,5934.933968947344,0.0,41637.960537345956,384.85695673074326,3648.0,63.11222879684419,0.0,306.01503148683616,0,0.0,0.0,17.44413564054087,104.24888170428922,27.0,28.302674230251604,24.90322180133018,2.5,12.1,63.2,0.0,14.533413190001617,69.07725935552826,10.119787616933975,195.93245872294108,0.0,0.0,0.0,100.18109608939062,17.1,13.702410964988058,4.985849574868075,144.05630723103656,2.5,27.687077546758243,106.39327298793826,188.99991671880503
BC-HAN-28,bc_9,103430.54847965339,290364.51230166946,5437.432641330759,66749.4993340536,274.65325521700004,17300.140739087958,2251.826036159924,0.0,39816.56450163296,618.5708281876838,20120.0,150.12341504649197,35.17068062827225,253.10146639990646,0,0.6,0.0,30.7411748835192,104.17300915574171,0.0,24.24994388272731,24.294476379519885,2.1,12.3,67.5,25.20917209409888,14.441719731389622,84.23383886837688,11.94134938798209,194.03388838647848,0.0,0.0,0.0,124.22845345973023,19.4,13.992409080649182,5.850741848059475,229.5449066598825,5.3,27.01412774527454,126.1966930542689,201.586867694212
BC-HAN-34,bc_10,105461.58526865001,283012.390727222,5980.189075583376,47399.27471198777,386.48811362871265,18550.460246946677,5230.78926076715,0.0,43212.26796356301,417.7229699043755,4535.0,110.78072696534238,0.0,266.6717445235922,0,0.0,0.0,16.127597101632126,108.72536206859277,28.4,19.798584320692434,25.345945744464938,3.9,12.9,0.0,4.4990873709015,15.129420670979602,66.22965956826579,10.220985493103314,203.67862569570852,0.0,0.0,0.0,100.5705269779791,19.9,14.137408138479742,5.698113799849228,149.1197978191222,5.3,26.485381472680196,82.82159080372286,207.84773450063201
BC-HAN-35,bc_11,109168.22740856886,298602.43165617075,5679.205962043289,61593.827240872786,303.23849563736076,18316.93753730769,3110.451471134752,0.0,41772.09435392947,543.7093537366326,16210.0,142.3584108199493,37.65863874345549,273.719873471553,0,0.4,0.0,28.04227087875627,101.74508760222113,40.5,25.57870793109593,23.353688000358527,5.6,13.8,80.5,19.35321710340169,14.166639355553627,70.45513022033268,11.53655788330473,189.62920520588523,0.0,0.0,0.0,112.83759996851674,20.0,13.557411907157498,5.189353639148404,144.39387327024227,7.9,25.139481869712778,82.6612392242384,201.5216503316451
BC-HAN-36 BS-1,bc_12,98809.93978468605,278273.3726039337,4988.425045721776,90663.04223433902,148.4083030043385,14210.829892822248,1243.0309644405454,0.0,34620.644027661,916.3937129956599,51670.0,175.1439842209073,132.87958115183244,258.36126412226525,0,10.4,0.0,50.884214528822994,83.61154849936442,41.8,46.83893270499385,17.376914768039278,4.0,15.9,88.4,72.62812470169564,13.570631874575643,155.24011743463132,18.215617710481155,163.27704893578425,0.0,0.7,0.0,269.29145945894504,19.4,13.9199095517339,5.5454857516389815,156.63064219144925,6.9,24.41846422526595,97.73428769577751,208.10860395089952
BC-HAN-36 BS-2,bc_13,96982.0066745891,279513.48949600913,4409.155905892166,154341.07734266788,78.55067436060767,14205.964836371439,1384.5784210849313,8480.599434198672,30102.452311163644,1483.028125304024,121600.0,244.1662440123979,274.9193717277487,216.70366616118343,0,10.7,0.0,77.74160072256139,63.27770548862971,37.8,72.15188782641606,16.32544540309423,5.7,26.8,0.0,159.75330870962944,11.186601950663706,214.30484850591415,22.97191789044012,132.21643823125598,0.0,2.9,0.0,720.4471438887177,13.2,11.889922742106041,3.9683292534664263,241.35971803208236,7.0,20.957579531921173,96.13077190093293,179.86948595944247
BC-HAN-38,bc_14,116429.18392923182,294793.501201939,5901.242685146632,46784.98186684282,259.61663559861853,16487.67631180233,2242.4853410514115,0.0,43819.39997546734,513.2778600573433,8616.0,172.55564947872642,27.59371727748691,334.52313514202103,0,1.5,0.0,22.11784745366692,105.84220522378709,36.1,15.480101163494421,25.290605251573098,2.0,6.8,71.2,4.784743711911119,14.94603375375561,63.56577589631058,11.73895363564341,209.6781079589304,0.0,0.0,0.0,211.16889933711198,22.4,15.369900130039515,5.901617864129558,149.79492989753362,6.9,30.523080281582438,106.39327298793826,168.19557805997175
BC-HAN-41,bc_15,112671.76586958807,278184.7928259283,6118.345258847678,44267.47815325772,270.1892587677931,15446.554231328531,1965.8570628377645,0.0,45068.96237206115,516.7267626743294,5200.0,115.39659058889829,33.58743455497382,344.8323386778443,0,0.4,0.0,19.221462668067677,109.18059735987786,34.3,12.556820257083457,26.01003165916708,4.8,10.8,69.0,2.2852507280769525,16.00050852779358,65.9540853953049,11.53655788330473,224.48695658333872,0.0,0.0,0.0,217.7892244431164,20.7,16.81989070834513,6.868262169461123,156.4618591718464,5.2,33.45521870233288,96.93252979835522,171.39122882574867
BC-HAN-43,bc_16,117444.70232373013,291958.9483057665,6399.591774778579,47596.7259836415,285.38250984053275,16628.762948875883,2233.144645942899,0.0,47596.32586347685,582.458789021594,5959.0,108.10611439842211,102.45863874345548,307.06699103130796,0,1.0,0.0,22.907770577012162,125.41732274904663,30.0,16.609550604607747,29.662504190028837,4.4,11.4,72.8,5.570298649687571,15.542041234733592,69.99583993206454,12.04254726415143,225.3982703448408,0.0,0.0,0.0,227.23292349138745,16.1,17.109888824006255,6.81738615339104,174.60603377915328,6.3,34.8011183053003,103.18624139824908,172.10861981398426
BC-HAN-45,bc_17,117749.35784207964,300861.21599530824,6108.4769600430855,52785.30662209793,260.16484568887205,16599.572610171006,1931.3683424371013,0.0,46516.1956562517,641.4958867594148,10069.999999999998,157.88841927303469,144.41465968586388,304.7526800334701,0,0.8,0.0,24.88257838537528,118.74053847686508,26.9,21.52597758357164,26.01003165916708,6.2,12.9,65.8,11.926152237151594,15.083573941673606,68.70982712491374,12.14374514032077,215.60164740869368,0.0,0.0,0.0,230.93251693297816,21.3,16.529892592684007,7.122642249811534,165.57614223040054,8.7,33.02260811566478,98.61622138294203,166.63036135836674
BC-HAN-47,bc_18,111453.14379619005,286467.0020694323,5886.440236939742,54024.86182747969,253.82127178736732,14731.39093305915,1417.6301114688995,0.0,44341.81589268735,648.1908153688586,11450.0,109.74539306847001,159.00314136125652,319.0593298382861,0,0.4,0.0,24.685097604538967,99.54478369434312,0.0,19.798584320692434,27.946948910381646,4.9,14.8,86.7,17.139380460577144,16.275588903629576,65.3110789917295,12.346140892659449,215.2978761548597,0.0,0.0,0.0,233.0743868202149,21.1,16.167394948107606,7.071766233741452,245.57929352215373,7.1,32.25352262825483,99.89903401881769,169.76079476157676
BC-HAN-49,bc_19,111707.02339481465,288681.49651956704,5797.625547698405,56547.850298610734,246.61622488689284,15461.149400680966,1171.8979786141788,0.0,43593.490389642466,642.3073932575292,14950.000000000002,107.58844744998594,43.652356020942406,308.1189505757797,0,0.8,0.0,27.647309317083646,96.73749939808498,28.1,12.02531463773601,25.733329194707853,3.7,13.9,75.6,19.138974847644477,15.817121610569586,60.62631805139448,12.04254726415143,209.9818792127644,0.0,0.0,0.0,238.62377698260096,20.1,15.587398716785358,6.715634121250875,168.69862809305337,6.7,31.676708512697374,96.13077190093293,167.99992597227114
BC-HAN-51,bc_20,112214.7825920638,297805.21365412226,5629.864468020323,62965.01662735704,227.58550318237872,15412.49883617285,823.4181995658179,0.0,43049.895448751384,672.9417635613469,20320.0,111.68664412510567,42.06910994764398,303.38513262565675,0,1.0,0.0,26.001636143447712,101.13810721384101,29.1,13.752707900615214,25.899350673383385,3.2,10.8,70.5,27.35159465167102,14.94603375375561,63.10648560804244,12.649734521167467,205.50125321871263,0.0,0.0,0.0,254.88251658117068,19.9,15.079902014378394,7.377022330161948,184.4798404259203,5.0,29.17718067861503,552.6517186931865,162.7173196043542
PTG-HAN-GS 0''-1A,pg_1,98428.746598137,251594.93201958676,7258.825234456308,37446.45154742578,327.09785156397845,16138.50152781191,5288.456232752847,0.0,46273.15748647385,363.3653336355284,1005.0000000000001,152.66409364125278,4.960809102402023,633.5591116235585,0,0.0,0.0,11.707148626658276,111.05020537961562,31.4,15.704089878724709,41.25708529536887,3.1,8.4,0.0,0.0,14.747077681946376,54.41556310073685,8.602006753126977,201.43974149709652,0.0,0.0,1.8,109.6692524644073,0.0,13.850645185292638,7.89914436435686,142.43076801919355,3.5,29.283123805955242,187.37864786035814,229.62561637497092
PTG-HAN-GS 0''-1B,pg_2,97987.14205208355,245441.039884028,6937.739758050658,38867.33572624953,306.05280921269645,15382.378469407839,5334.15894093713,0.0,44970.12008831242,358.33471666293855,1565.0,31.385257829800697,9.127888748419721,874.0927245929843,0,0.9,0.0,16.55148598941343,107.83135884687313,33.3,24.036872263354145,41.35280939118179,2.1,9.1,0.0,0.9168416101394908,15.533588491650184,54.18201991146329,8.865333490467599,201.11112854196261,0.0,0.0,1.4,109.84743159107572,0.0,13.362946411162616,6.52888462768271,107.81972897127247,0.0,28.807527827668263,480.18316694860744,221.95994501061514
PTG-HAN-GS 0''-1C,pg_3,95975.38800895114,248577.5397466676,6995.076450265952,35499.72834179325,325.2984613257647,15329.213566863802,8076.3214319941635,0.0,44563.87901712092,299.51519513727254,1002.0,136.099652008858,4.431656131479141,429.7681123214156,0,0.0,0.0,14.533012088265448,106.75841000262565,36.5,11.217207056231935,39.055431091671686,3.1,11.0,60.3,0.0,15.238646938011255,52.43044599191168,8.777557911354059,196.34624069252067,0.0,0.0,4.9,108.0656403243916,5.6,14.04572469494465,7.012505711214763,90.9672335186198,2.1,29.826662066854638,272.09296503346326,231.26210801455244
PTG-HAN-GS 0''-2A,pg_4,98821.28397240677,252984.52056632584,7040.945804038188,38100.95331483672,318.41383780564274,16179.852007568381,5399.448524057536,0.0,45422.35071473316,372.6526265080019,1096.0,109.36406200569442,5.820682680151707,464.402543237297,0,0.9,0.0,15.945943819069033,114.62670152710726,35.4,9.935240535519714,40.87418891211719,4.0,9.3,64.0,0.0,15.336960789224232,57.918710939840075,8.865333490467599,206.28678258532193,0.0,0.0,1.8,108.42199857772842,7.4,14.533423469074672,7.012505711214763,102.11162567279335,1.1,29.758719784242217,255.76738713145548,221.44315817706308
PTG-HAN-GS 0''-2B,pg_5,99311.95569024392,251277.3117803321,7046.679473259718,38671.54459924626,347.9864251988941,16049.893356905182,5399.448524057536,0.0,46081.53433968541,368.00898007176517,833.2,80.30363808921228,4.563944374209861,407.98355722360026,0,0.0,0.0,16.75333337952822,111.05020537961562,30.1,10.576223795875825,44.128808169756496,5.5,7.1,0.0,0.0,15.238646938011255,57.45162456129298,8.777557911354059,208.01200059977504,0.0,0.0,1.5,108.15472988772581,3.4,15.021122243204694,7.415523280824806,141.43411506231624,1.6,29.894604349467066,201.91734658901186,217.3088635086465
PTG-HAN-GS 0''-2C,pg_6,99115.68700310907,252309.5775579097,7040.945804038188,39309.26427005692,347.28231597524524,16191.666430355946,5523.498731986306,0.0,45644.63356500775,367.6220095354121,1313.0,40.39398924391016,12.170518331226294,429.8685019762442,0,0.9,0.0,17.829852793473812,105.86428596575274,35.5,12.392343033551471,41.73570577443348,2.9,9.9,62.7,0.7334732881115926,15.828530045289112,60.02059964330201,9.21643580692176,206.12247610775498,0.0,0.0,1.8,106.5511177477101,5.8,14.92358248837869,7.576730308668825,127.29976403751078,0.0,29.486950653792515,339.42582115666954,220.84024020458565
PTG-HAN-GS 0''-3A,pg_7,102206.91882548324,250959.69154107745,6891.870404278421,40528.76328967729,337.8159586350775,16723.315455796306,5477.796023802023,0.0,47277.26277564531,363.3653336355284,1307.0,92.41214805441317,16.999039190897598,429.66772266658694,0,0.9,0.0,15.205836721981441,115.43141316029289,38.8,11.858190316588045,42.88439492418852,2.3,10.3,62.0,0.0,14.648763830733401,58.50256891302395,9.12866022780822,210.31229128571252,0.0,0.0,2.2,102.00755001766561,5.3,13.265406656336612,6.609488141604719,103.19888344393223,2.6,27.312797610194913,139.13291017979782,196.80965244441427
PTG-HAN-GS 0''-3B,pg_8,98232.47791100215,255604.88754017666,7012.277457930541,39505.05539706019,337.73772427689426,15961.285185998455,5556.14352354651,0.0,44379.92079620402,393.1620649347143,1809.0,220.37488136665613,7.011276864728192,405.57420550771286,0,0.0,0.0,16.820615842899823,107.2054720210621,24.6,14.422123358012488,42.11860215768515,3.1,9.1,51.9,0.0,15.042019235585306,56.517451804198785,9.391986965148842,197.82499899062336,0.0,0.0,1.3,106.6402073110443,4.0,13.362946411162616,6.770695169448737,160.09870680020038,2.1,29.41900837118009,177.22592528448263,222.90738753879396
PTG-HAN-GS 0''-3C,pg_9,102452.25468440184,252309.5775579097,6352.905497454652,46794.07935378199,318.7267752383755,16906.439009003545,5516.969773674266,0.0,44885.80590372551,447.33794002414345,4062.0,148.7893704523885,33.733501896333756,695.4995286528303,0,0.9,0.0,21.126693498682176,95.0453851195905,38.1,17.947531289971096,43.65018769069189,2.7,9.2,0.0,2.292104025348727,15.042019235585306,65.39209299659363,9.830864860716545,200.1252896765608,0.0,0.0,0.0,103.96752041101814,6.0,12.485088617728577,6.931902197292754,106.27944712882572,1.6,27.78839358848189,359.4876009665996,191.46952183104287
PTG-HAN-GS 3''-1A,pg_10,98134.34356743471,254056.48887381027,6691.19198152489,43006.9195543187,295.8041082906966,16977.325545728927,5020.768941959185,0.0,46127.52389491464,445.40308734237817,1963.0,207.87889908256884,25.002477876106195,505.9638603363547,0,0.9,0.0,16.14779120918383,110.42431855380458,20.9,12.285512490158785,45.66039370276323,2.5,10.0,0.0,2.567156508390574,14.648763830733401,65.85917937514073,9.655313702489464,208.42276679369246,0.0,0.0,0.0,94.88038495092914,5.2,14.33834395942266,6.690091655526729,161.09535975707772,1.9,28.87547011028069,167.88542051467718,193.53666916525114
PTG-HAN-GS 3''-1B,pg_11,96073.52235251857,256676.85584766112,6834.533712063127,41423.80844169224,297.44702981254386,16563.8207481642,4811.842275973887,0.0,45767.27237895236,385.422654207653,1140.0,106.74862385321103,6.415979772439949,538.1889395363487,0,0.9,0.0,17.291593086501017,113.73257749023436,28.8,11.324037599624619,46.42618646926659,4.0,10.2,0.0,0.0,14.648763830733401,59.2031984808446,8.602006753126977,206.28678258532193,0.0,0.0,1.3,91.85133979756614,1.7,12.485088617728577,7.012505711214763,114.2526707838442,2.1,27.17691304497006,106.15686725335416,199.6519800289507
PTG-HAN-GS 3''-1C,pg_12,97103.93295997665,257828.22921495917,6886.136735056893,42497.8626241102,287.4330319650937,16811.923626703032,4818.371234285927,0.0,45843.921637667736,394.7099470801266,1581.0,99.09604555520406,9.590897597977245,556.9618049893047,0,0.9,0.0,14.06203484466425,115.07376354554371,25.9,11.858190316588045,44.79887684044694,3.1,8.2,0.0,0.9168416101394908,14.747077681946376,61.772173562853624,8.953109069581139,205.30094371992016,0.0,0.0,0.0,90.78226503755569,5.9,13.070327146684603,7.3349197669027975,127.57157848029551,3.2,26.837201631907934,128.08674801724524,200.16876686250276
PTG-HAN-GS 3''-2A,pg_13,97790.8733649487,247068.84361020802,6932.006088829128,46156.359682971335,306.75691843634525,16953.696700153796,5131.761233263874,0.0,46978.330666655325,422.1848551611943,2188.0,233.3552040493515,31.683034134007585,491.5077500410303,0,0.9,0.0,17.897135256845413,115.61023796766747,29.3,13.460648467478322,48.34066838552501,3.0,10.3,0.0,1.191894093181338,14.845391533159352,73.33256143189429,9.567538123375924,208.01200059977504,0.0,0.0,0.0,94.61311626092653,3.9,16.48421856559476,6.931902197292754,147.5046376178417,3.1,27.78839358848189,146.03676153139315,196.55125902763822
PTG-HAN-GS 3''-2B,pg_14,96760.46275749063,252905.11550651217,6702.65931996795,41837.76682449917,311.29451121097105,16404.32604053209,5020.768941959185,0.0,45537.32460280623,400.1275345890695,1227.0,51.63068649161658,11.442932996207333,529.9569878404001,0,0.9,0.0,15.609531502211036,107.65253403949856,32.1,10.255732165697768,43.26729130744021,3.2,9.4,53.8,0.8251574491255418,14.943705384372327,63.05666110385815,9.479762544262384,206.8618552568063,0.0,0.0,0.0,92.02951892423455,5.1,16.094059546290744,6.770695169448737,124.12859553835571,2.6,28.399874131993712,104.93854054424912,197.75709497259308
PTG-HAN-GS 3''-2C,pg_15,95631.91780646512,246036.57783263043,6777.197019847831,42302.071497106925,312.4680265837192,16138.50152781191,5066.471650143468,0.0,45621.638787393145,394.7099470801266,1572.0,77.49446377728569,9.590897597977245,445.52928812951234,0,0.9,0.0,16.01322628244063,112.391391434925,0.0,7.905460211058697,43.65018769069189,4.4,8.8,0.0,1.283578254195287,14.845391533159352,61.888945157490404,9.304211386035302,204.6437178096523,0.0,0.0,1.1,91.40589198089512,6.6,13.558025920814625,7.0931092251367724,204.76688023115614,3.2,28.128105001544014,105.58831478910516,200.8578159739055
PTG-HAN-GS 3''-3A,pg_16,97349.26881889525,250800.88142145012,6886.136735056893,43135.58229492086,319.03971267110836,16534.284691195287,5183.992899760199,0.0,47407.566515461454,419.4760614067228,1426.0,141.71800063271118,13.824121365360302,398.9484882890225,0,0.9,0.0,18.906372207419402,116.23612479347851,28.9,9.187426731770918,44.6074286488211,5.1,9.5,55.5,0.7334732881115926,14.845391533159352,63.40697588776847,9.304211386035302,213.43411435948482,0.0,0.0,0.0,97.2858031609527,9.6,13.460486165988621,7.254316252980789,134.7293588069598,2.4,28.60370097983099,101.28356041693394,192.93375119277374
PTG-HAN-GS 3''-3B,pg_17,100342.36629770198,259853.05824020755,7018.011127152069,43018.107618718896,326.31550798214636,17373.108709112304,5105.645400015712,0.0,48718.26883949442,412.51059175236765,1151.0,191.02385321100923,8.797168141592921,372.0440607949465,0,0.9,0.0,15.474966575467837,131.3468210166307,0.0,10.896715426053879,46.234738277640744,5.4,11.1,0.0,0.0,14.550449979520426,61.188315589669756,8.865333490467599,212.85904168800047,0.0,0.0,3.0,94.88038495092914,3.1,13.558025920814625,7.0931092251367724,201.14268766069318,3.5,27.041028479745208,92.1867209889495,193.70893144310185
PTG-HAN-GS 3''-3C,pg_18,98281.54508278587,253183.03321586002,6828.800042841598,43661.42132172964,327.6454920712609,16953.696700153796,5144.819149887956,0.0,47660.5090692222,436.8897355426107,1506.0000000000002,122.24751660866815,11.773653603034134,470.5263121818441,0,0.8782,0.0,17.560722939987414,115.43141316029289,29.0,10.255732165697768,47.09625513995704,3.5,10.8,54.5,0.0,14.747077681946376,62.47280313067428,9.12866022780822,214.5021064636701,0.0,0.0,0.0,98.97850486430261,4.8,13.362946411162616,7.496126794746816,135.18238287826767,2.8,28.263989566768863,81.62788951003898,196.55125902763822
PTG-HAN-GS 4.5''-1A,pg_19,95288.44760397913,255485.77995045617,6754.262342961714,42721.62391211394,287.82420375600975,16646.521707677144,4766.139567789603,0.0,45223.06264207317,392.0011533256552,1748.0,200.0325846251187,11.905941845764854,386.199002125785,0,0.9,0.0,16.08050874581223,117.13024883035142,0.0,11.53769868640999,46.04329008601491,4.0,7.9,55.5,1.8336832202789817,14.550449979520426,60.95477240039621,8.777557911354059,202.0969674073644,0.0,0.0,2.0,86.14960774417698,7.6,13.070327146684603,7.81854085043485,220.16969865562362,2.4,26.70131706668308,464.75102863327675,201.8052585020843
PTG-HAN-GS 4.5''-1B,pg_20,101765.31427942979,274979.7221347101,6180.895420808767,64107.60901307133,256.3739917663615,17384.92313189987,4733.4947762294,0.0,44364.590944460935,606.7698010016064,10920.0,389.4096804808606,21.232262958280657,532.5671188659447,0,0.9,0.0,24.894511447491737,105.59604875469086,0.0,17.947531289971096,46.33046237345367,2.4,13.7,0.0,7.426417042129875,13.862253021029593,71.69775910697945,11.498600863873815,189.11675567957428,0.0,0.0,0.0,95.7712805842712,4.3,12.680168127380584,7.1737127390587805,239.19670965055406,0.0,24.391279457860627,1667.4831558617914,188.19653855187974
PTG-HAN-GS 4.5''-1C,pg_21,102108.7844819158,267952.374341201,6215.297436137945,59072.98003298719,250.4281805444379,17207.706790086417,4766.139567789603,0.0,43406.475210518714,537.1151044580547,8607.0,267.8402404302436,20.240101137800256,462.39475014072417,0,0.0,0.0,26.912985348639715,98.44305645970756,0.0,16.665564769258875,47.57487561902165,1.7,6.6,61.7,5.684417982864844,14.353822277094473,68.54492605178655,11.323049705646735,187.22723118755425,0.0,0.0,0.0,90.87135460088989,1.9,13.460486165988621,8.785783017498957,220.16969865562362,1.1,25.54629826227186,1609.8156916308185,194.57024283235532
PTG-HAN-GS 5.75''-3A,pg_22,97153.00013176039,261599.96955610812,5692.386803134456,79659.01852933122,235.87658992236186,16357.068349381836,4753.081651165521,0.0,40877.049672911235,688.8075547084561,17710.0,275.5896868079722,25.86235145385588,12458.356164234448,0,0.9,0.0,28.864176786416095,85.29943311767578,0.0,25.212008240673683,42.98011902000144,2.7,14.5,0.0,6.692943754018283,13.763939169816618,70.76358634988526,11.761927601214438,176.7937698620521,0.0,0.0,0.0,117.95458185448844,0.0,11.314611559816521,6.851298683370745,242.820902221017,0.0,22.28506869687545,1522.0961685752543,179.9279492150466
PTG-HAN-GS 5.75''-3B,pg_23,99557.29154916252,271644.7096225363,4944.716336647014,128271.15834814357,170.47266648120282,16362.975560775616,5118.703316639792,4088.8483658999157,37818.744250167634,1051.7859178076314,38250.0,332.25751344511235,52.05542351453856,26392.44025444993,0,0.9,0.0,34.24677385614404,75.46406871207374,33.4,38.35216507797395,43.075843115814365,0.0,25.9,60.6,23.74619770261281,13.075742211325789,90.96507222204723,15.536277503096683,155.18746806199647,0.0,1.8,0.0,195.46250195524746,0.0,11.89985008877255,6.690091655526729,218.35760237039216,4.1,19.159723696703892,4187.795008097124,154.60539437099504
PTG-HAN-GS 5.75''-3C,pg_24,99655.42589272995,268706.72240943083,6123.5587285934735,58849.21874498345,259.3468973773232,16935.975065972452,4687.792068045116,0.0,42540.33858703493,545.241485721469,9555.0,252.05074343562168,23.547307206068268,471.7309880397878,0,0.9,0.0,26.374725641666927,93.43596185321927,29.1,15.063106618368598,39.72549976236213,2.5,13.5,60.4,13.84430831310631,14.845391533159352,69.82941359279106,11.586376442987355,189.77398158984215,0.0,0.0,0.0,91.31680241756092,4.1,12.192469353250562,7.737937336512841,141.52471987657782,0.0,25.682182827496707,938.1115660108958,192.24470208137097
PTG-HAN-GS 6'' 2A,pg_25,102059.71731013211,276726.6334506107,6186.6290900302965,64667.01223308068,240.57065141335414,17249.057269842888,4707.378942981238,0.0,42800.94606666722,607.5437420743126,12400.0,310.65593166719395,20.703109987357777,624.7248219986379,0,0.9,0.0,25.365488691092935,93.07831223847009,36.8,23.07539737281998,45.94756599020199,4.1,10.0,66.4,7.243048720101978,14.648763830733401,70.76358634988526,11.323049705646735,189.44536863470825,0.0,0.0,0.0,94.70220582426073,3.4,14.533423469074672,8.140954906122886,126.93734478046449,0.0,24.323337175248202,1389.7046661858378,195.17316080483272
PTG-HAN-GS 6'' 2B,pg_26,101225.5753898089,271485.899502909,6261.166789910181,58569.51713497878,254.65283588633102,17231.33563566154,4700.849984669197,0.0,42961.90950996952,548.3372500122935,8750.0,280.43309079405253,24.539469026548673,643.0961288322794,0,0.9,0.0,23.279732326573356,97.63834482652194,38.5,22.754905742641924,42.022878061872234,5.2,17.0,78.4,7.793153686185672,15.238646938011255,69.82941359279106,12.025254338555058,192.32073199213008,0.0,0.0,0.0,95.23674320426598,4.5,15.021122243204694,8.624575989654938,127.84339292308022,0.0,26.90514391452036,1317.4172814456042,203.44175014166586
PTG-HAN-GS 6'' 2C,pg_27,102157.85165369954,272716.6779300207,6341.438159011593,63771.96708106572,247.22057185892655,17373.108709112304,4785.726442725724,0.0,43107.54310152873,599.0303902745451,10690.0,311.52774438468845,23.61345132743363,478.95904318745005,0,0.9,0.0,27.047550275382918,100.41012934082796,0.0,17.84070074657841,37.332397367039114,5.7,12.0,79.4,8.98504777936701,14.648763830733401,72.63193186407365,12.113029917668602,189.6096751122752,0.0,0.0,0.0,96.92944490761587,2.6,15.703900526986725,7.496126794746816,227.41808379654952,1.4,26.089836523171257,954.3559221322965,193.4505380263258
PTG-PT GRATIOT PYRITE LOC 1A,pg_28,101618.11276407866,282046.772458126,4219.980547045689,195455.48507126633,73.46206233402913,15713.18230745962,7371.193934293783,11984.555555223893,29862.55119551137,2200.314469703529,102500.0,637.3919645681747,119.39013906447536,363.4105504796833,0,1.2,0.0,129.18232967347063,83.24294783286807,0.0,95.82699742323854,28.43005645643748,0.0,30.9,0.0,84.0743756497913,10.421268228575439,202.5987166948035,49.329875461809806,109.75672701473123,0.0,7.4,0.0,698.7294452301758,0.0,14.143264449770653,6.206470571994675,289.9354056370352,0.0,31.185507719103143,5294.847877770589,147.88716553481808
SC-DUK-12''-1A,sc_1,81123.75872978568,297468.126191237,5234.6990386811485,48753.94473630564,182.1966961121897,12416.67827139443,1427.3466785185165,3974.532127183584,28453.22520483734,535.2379906176752,20710.0,177.86365334329471,31.069950738916255,243.9413302793087,0,8.5,0.0,25.822555239854864,79.53310614455533,29.7,40.39438635135416,17.276250161059547,5.3,9.2,65.4,63.1060473972306,13.942696870666751,101.82911724595645,15.971638641494694,133.30905926443728,0.0,0.0,0.0,124.7842365657796,16.4,11.897237075815916,8.475544232145515,129.26259341396843,6.5,28.626884342124843,103.26499072106085,248.62614345683454
SC-DUK-12''-1A Basal,sc_2,88577.00406308474,285438.16520556196,5165.756624248847,53691.68158580135,162.44511232537954,13031.65526125123,927.6688755960721,0.0,31740.621585505098,583.0020107777829,22590.0,175.69039970115801,48.62660098522168,273.8055409524145,0,7.4,0.0,31.093826206130146,82.29147976806593,33.5,44.81664760223771,19.039132830555417,3.9,13.1,68.1,87.13975364428279,14.434266311619744,103.31567370210182,16.47707024407364,150.73948059362576,0.0,0.0,0.0,142.679650336841,17.1,12.534589062020338,7.575905458901019,124.89929912151379,5.6,27.01543721028338,132.15030281086808,233.19733203011538
SC-DUK-12''-1B,sc_3,93393.72723766578,292087.4527321896,4954.004922778208,73762.61639972914,148.5256891055409,13168.316814552742,934.0568020538874,0.0,32233.37907297135,789.7118459244667,36820.0,191.01755696675383,64.90640394088669,252.48832659989455,0,6.6,0.0,30.62675156354879,81.75512934127221,37.0,45.54269049417381,18.686556296656246,4.7,16.1,91.4,96.48619496258087,13.853320608675297,103.59440303762906,17.285760808199953,148.0463682852533,0.0,0.0,0.0,199.2678506399271,18.9,12.959490386156622,7.291809004192231,128.63926565790348,6.4,26.304504652118023,117.46693583188275,214.89196254078757
SC-DUK-12''-1B Basal,sc_4,89591.05104720707,290381.3855378575,4973.702755473151,77348.68226807799,143.8599606519637,13251.2899004858,855.2723757408315,0.0,31297.13984678546,801.7531955446617,42699.99999999999,235.626447515876,79.80295566502463,233.98659338827343,0,7.8,0.0,39.36771987471413,73.09690102303063,31.2,54.32120909667397,16.042232292412436,5.3,15.3,79.0,113.5627757170653,13.629879953696665,110.65554620431948,18.700969295421,145.35325597688083,0.0,0.0,0.0,207.19987187899216,24.4,12.676222836732432,7.623254868019151,140.40457705362934,2.6,25.167012559053465,145.2289302293086,213.8459414271117
SC-DUK-12''-1C Basal,sc_5,93444.42958687189,297205.6543151859,4904.267895223477,90093.00866174845,111.19986147692329,12650.955219911306,589.8185429382829,0.0,32346.00935582078,915.9453277761792,54610.0,223.04445274561078,104.06305418719211,238.20981509962175,0,7.2,0.0,42.77069227066399,69.2658265459326,35.2,64.28779788597868,16.982436382810235,2.5,13.9,85.2,122.90921703536338,13.853320608675297,107.12497462097427,18.498796654389423,149.54254178990465,0.0,1.4,0.0,280.9096302224992,18.5,13.101124160868714,7.623254868019151,155.44235916869619,3.5,24.64566201639887,155.3387894607411,206.916051549009
SC-DUK-17.5''-1A,sc_6,76002.82145996796,293487.30273779546,5426.752907456846,37477.146836451764,160.88986950752047,11201.366600963136,603.3041654603377,4533.450707568776,28298.358565919374,398.36798326812357,11790.0,99.56933134105343,38.19901477832512,262.74472218459755,0,6.7,0.0,17.148311877629716,71.7943357008173,35.8,46.13672558757608,16.62985984891106,3.9,6.9,66.8,59.10042968938856,15.685533979500093,72.93417612963123,15.870552320978904,134.28157204246065,1.7,0.0,0.0,102.72934824252553,19.6,11.897237075815916,8.949038323326828,85.86339839794647,4.9,28.958652869268676,132.39101374494982,261.962912656202
SC-DUK-17.5''-1B,sc_7,80211.1164440756,298343.03244474065,5746.842688749672,39877.05245603906,179.39725904004337,12045.739769576045,1941.2198735694394,4719.756901030506,30206.033981681605,432.08376220467005,11770.0,176.37669032499068,29.89950738916256,237.40539191650777,0,6.1,0.0,20.484559324639385,88.4211989314228,0.0,41.64846043742561,18.27521700710721,5.2,9.2,0.0,58.819333709890884,14.970523883568465,79.0662215112308,15.769466000463114,142.0616742666478,0.0,0.0,1.3,111.91888504388139,26.4,12.959490386156622,9.943375914807588,194.0107640752148,4.0,29.66958542743403,129.42224555794186,266.8661366265576
SC-DUK-17.5''-1C,sc_8,82188.50806311412,283644.6073858795,5402.130616588165,43374.84593378239,190.2839587650568,12148.235934552178,1053.298095933107,2732.490837438714,30818.46114467538,462.9898928965043,14010.0,154.52977213298468,35.751724137931035,310.6079015798782,0,8.5,0.0,17.949011264912038,71.71771421127534,33.8,39.80035125795189,17.57006393930886,5.1,10.3,0.0,75.33372250537997,15.283340800538557,83.89752999370317,16.679242885105218,147.22347285769504,0.0,0.0,2.5,125.36462836375996,24.4,12.888673498800575,10.03807473304385,123.10723182282706,4.5,30.238331473966305,148.59888330645276,257.84420452110317
SC-DUK-23.5''-1A,sc_9,79298.47415836551,294755.9168053757,5338.112660329601,39043.98176969957,204.90324125293205,12509.41289684903,2164.7972995929763,4409.246578594289,28741.840304639012,423.6548174705335,12300.0,105.00246544639522,9.257142857142856,270.48729532206943,0,8.2,0.0,19.55041003947668,72.94365804394671,25.2,25.21348951996289,15.337079224614088,3.9,7.0,62.0,53.97042806355579,14.65770696659838,83.52589087966685,13.747739590147331,134.95485011955378,0.0,0.0,0.0,108.92019408764946,17.3,12.392955287308244,10.558918233343295,118.82185349988055,2.8,31.04405503988704,364.5165911777618,256.66743076821786
SC-DUK-23.5''-1B,sc_10,85686.97015833612,286706.7792731423,5500.619780062882,46061.636822837594,187.32899741112465,12826.662931298964,945.4131157566703,3974.532127183584,32937.31834078029,490.08292954194343,13390.0,203.02764288382517,27.87783251231527,277.22433948064884,0,8.0,0.0,20.88490901828055,87.0420121196675,32.2,27.325614296504284,20.860778255701156,3.3,8.5,67.4,49.051248422346276,14.836459490581287,87.8926504695938,15.264034397884169,159.192860894906,0.0,0.0,0.0,141.80906263987046,26.9,13.455208597648951,11.079761733642739,127.23677820675735,4.1,29.290421396412505,174.11424231911582,237.9044270416568
SC-DUK-23.5''-1C,sc_11,85027.83961865662,280013.7464338394,5446.4507401517885,43441.05022673652,196.3494057547072,12885.232168428181,1831.2055845737307,3850.3279982090976,32669.821419012893,465.3981628205433,12540.0,165.3960403436683,25.21773399014778,328.8079760978316,0,7.6,0.0,20.818184069340354,83.67066657982122,36.1,28.975711778177246,20.449438966152115,3.5,11.7,0.0,47.64576852485784,15.238652669542827,89.10047759021191,15.466207038915748,155.377618458045,0.0,0.0,0.0,137.26266022235757,18.7,12.888673498800575,10.653617051579557,107.83570179923586,3.3,30.380517985599376,110.08513385337645,239.66958767098487
SC-DUK-30''-1A,sc_12,79856.19999963278,289550.22459702904,5510.468696410353,40688.05504472719,215.7121788370526,13397.712993308847,2411.087353022079,0.0,29797.74920635242,432.08376220467005,12730.0,148.06720209189393,4.788177339901478,261.0353229204804,0,10.1,0.0,19.950759733117838,91.63930149218514,0.0,28.645692281842653,18.451505274056792,2.9,7.1,62.1,62.96549940748176,14.568330704606925,91.51613183144809,13.64665326963154,137.49834507746112,0.0,0.5,0.0,99.24699745464329,16.5,13.313574822936857,11.553255824824053,190.1149655998089,0.0,29.48000341192327,368.7691510132057,251.30657256062895
SC-DUK-30''-1B,sc_13,80363.22349169393,283382.1355098284,5604.033401711333,42111.44734324104,206.5362462116841,12977.96679388278,2005.0991381475926,4595.552772056019,30945.170212880992,450.74785411597253,12569.999999999998,172.77366454986927,9.789162561576353,291.5028509809216,0,10.3,0.0,20.484559324639385,85.73944679745418,38.0,30.75781705838405,20.50820172180198,2.9,11.7,73.3,70.2739948744216,15.104588276555646,101.82911724595645,13.94991223117891,143.85708247222945,0.0,0.8,1.8,106.30843099673781,25.8,12.605405949376387,12.026749916005366,92.48625580613654,0.0,30.190935970088624,899.4565236853864,256.3405491701941
SC-DUK-30''-1C,sc_14,81529.3775234346,282944.68238307664,5520.3176127578245,43038.30744459889,198.52674569970992,12533.816745652868,1373.404188430298,0.0,31184.509563936026,459.5781771707824,13490.0,181.86701531565188,17.66305418719212,276.6210220933134,0,9.3,0.0,21.819058303443256,84.05377402753103,28.1,26.797583102368936,18.157691495807484,2.0,9.5,61.4,80.53399812608716,15.417405193525735,102.29366613850188,14.859689115821011,150.29062854223037,0.0,0.8,0.0,119.36724645129614,23.4,12.888673498800575,12.216147552477894,129.26259341396843,4.6,31.04405503988704,127.33608412923354,223.26013145019456
SC-HAN-0''-1A,sc_15,102418.74539635442,272052.09952695627,5958.59439022031,42475.57095448876,356.3838917124052,16492.121021635918,6137.377786747693,0.0,40223.08976260282,403.3852122765382,4713.0,147.95282032125516,1.8088669950738916,298.03878934372256,0,1.7,0.0,19.21678529477571,107.34670684828711,40.5,32.34191064079009,24.739120128592074,5.4,8.4,71.2,1.967671856483805,15.730222110495824,66.05885251995898,10.816236295189443,198.24298936630683,0.0,0.0,0.0,134.45743319878576,21.3,15.508898330974317,5.823977321530158,122.32807212774588,4.7,29.148234884779434,94.35868616003697,236.20464273193352
SC-HAN-0''-1B,sc_16,100441.35377731589,270477.2682706497,5973.367764741519,42784.52432160805,389.66608801458926,16038.20943388447,7715.195621828083,0.0,39955.59284083542,375.0880406690796,4953.0,133.9982443033246,0.0,289.89400461469376,0,1.9,0.0,20.084209630998227,106.73373493195145,31.1,31.54986384958707,25.267984929440836,2.8,8.3,0.0,1.1946579128651673,15.730222110495824,68.75323609672243,10.917322615705235,196.29796381026003,0.0,0.0,2.2,133.78030943447536,12.6,14.44664502063361,5.823977321530158,142.66414016936477,4.7,28.437302326614084,87.05712115955791,228.49023701857394
SC-HAN-0''-1C,sc_17,101861.01955508714,272008.3542142811,6199.892840733364,41145.968070993265,417.50493445426656,15940.594038669107,6507.167751694559,0.0,40708.807857390995,368.6659875383088,3065.0,74.40534180052298,0.0,289.3912401252475,0,0.6,0.0,20.95163396722074,107.1934638692032,35.5,32.07789504372242,23.857678793844137,6.0,11.0,0.0,0.0,15.953662765474455,65.9659427414499,10.20971837209471,198.6170327424697,0.0,0.0,0.0,132.6195258385146,21.2,14.305011245921516,5.776627912412026,128.48343371888723,3.2,29.906562946822476,179.24940891285934,236.92378224758568
SC-HAN-10''-1A,sc_18,110581.82361853911,284869.4761407846,5860.105226745594,47700.19307345238,249.1498994210225,15179.193955989262,1090.9158850735753,0.0,44073.637557517715,554.5041500099877,8200.0,158.87627941725813,99.80689655172412,316.0377580658975,0,1.0,0.0,22.019233150263837,104.66495471431848,38.0,15.906939723327373,26.090663508538906,4.0,12.0,84.3,8.503153379805013,15.32802893153428,68.8461458752315,11.928185820863126,215.59860202026275,0.0,0.0,0.0,225.09528565005357,23.9,16.075433429822695,7.339158413310363,141.72914853526737,4.9,29.05344387702405,295.4325530963062,168.34402298221113
SC-HAN-10''-1B,sc_19,108604.43199950061,277738.99017472996,6057.083553695026,44974.78301350725,252.18262291584767,14886.347770343165,1366.3064923660586,0.0,44467.84354749073,540.0545304657534,5044.999999999999,173.68871871497947,43.7320197044335,304.67528060441276,0,0.7,0.0,19.083335396895325,109.26224408683613,27.7,9.900584890037784,28.499936490183266,3.1,10.6,70.3,3.724521728344345,15.64084584850437,62.528280936613776,11.42275421828418,219.93750518375174,0.0,0.0,1.7,222.1933266601517,22.9,16.42951786660293,7.0077125494834425,154.663199473615,7.4,31.09145054376473,114.41793066684754,171.54746264284347
SC-HAN-10''-1C,sc_20,107336.87326934769,273583.18547058763,5599.108943537597,47782.948439645035,223.1773443627761,13778.413034648771,645.1805722393493,0.0,41652.08647625497,514.96838542368,10270.0,115.18244303324619,176.0985221674877,306.4852327664192,0,0.3,0.0,20.95163396722074,90.64322212813966,37.9,18.481091794737196,25.73808697463973,2.9,12.8,0.0,12.789867067144732,16.355855944435998,58.06861156817773,11.928185820863126,203.7788313335169,0.0,0.0,1.9,218.7109758722695,20.9,14.729912570057799,6.108073776238947,117.65311395725877,0.0,29.859167442944788,420.68247579683145,169.91305465272492
SC-HAN-11''-1A,sc_21,107438.27796775995,291125.0558533356,5293.792536765977,70562.74224027942,192.1502501464877,14105.424608620247,1102.272198776358,0.0,40089.34130171913,720.0727072876713,28809.999999999996,177.69208068733658,72.46108374384235,293.71501473448507,0,0.8,0.0,20.284384477818804,86.12255424516397,31.7,24.421442728759867,25.796849730289594,3.3,17.3,0.0,48.20796048385321,14.613018835602656,64.38647650679546,14.152084872210487,192.93157342479444,0.0,0.0,0.0,282.45734168378016,20.7,14.44664502063361,8.144098368318595,163.23395611950804,4.3,26.304504652118023,359.46166156204555,165.7943465176262
SC-HAN-11''-1B,sc_22,108452.32495188224,287756.66677734663,5530.166529105297,52748.27041120496,225.04363574420697,14422.674643070184,877.2752335399732,0.0,41659.12586893306,603.6729942924512,12320.0,135.0276802390736,57.99014778325123,327.9030000168284,0,0.6,0.0,18.61626075431397,100.75725874767849,0.0,12.276725263646853,26.91334208763698,2.7,11.8,81.9,20.09836253408458,15.819598372487274,56.58205511203238,12.534703743957861,206.24751761619166,0.0,0.0,0.0,236.8965855423211,29.8,15.22563078155013,8.191447777436727,229.85211004894927,1.8,28.626884342124843,581.5576167414523,168.67090458023483
SC-HAN-11''-1C,sc_23,106272.12393601924,281413.5964394452,5677.9002743173705,49702.87293531488,212.91274176490626,13988.28613436181,624.5972536530554,0.0,42412.34088548863,550.6910559635924,11160.000000000002,127.93601045946956,55.330049261083744,319.5571094920211,0,0.8,0.0,16.147437643526814,101.29360917447221,38.2,7.128421120827205,27.500969644135605,3.8,10.9,83.3,16.936032764735607,15.506781455517189,48.127265267705695,11.827099500347336,208.5665865484013,0.0,0.0,0.0,228.67436840426586,21.9,14.588278795345705,7.339158413310363,131.60007249921196,2.9,27.82116077620411,329.7739796919659,170.1745599311439
SC-HAN-3''-1A,sc_24,101810.31720588105,267765.0588847885,5810.860645008237,45074.08945293846,408.17347754711216,17482.917283071874,7431.287779258512,0.0,42609.443880475126,406.59623884192365,3140.0,134.1126260739634,18.620689655172413,301.0553762803999,0,1.1,0.0,15.947262796706232,107.34670684828711,30.6,26.863587001635857,27.736020666735058,2.8,4.7,66.6,2.8812337898512856,15.283340800538557,78.97331173272171,10.411891013126288,206.32232629142425,0.0,0.0,1.6,111.24176127957095,20.2,15.154813894194081,5.3978326394669764,121.93849228020528,5.6,28.152929303347943,91.47015495105624,195.99820617501706
SC-HAN-3''-1B,sc_25,101303.29371381988,269296.14482841984,5672.975816143634,45322.35555151645,412.9169681415823,17853.855784890264,7764.879494277758,0.0,41180.44716682297,420.0424125844749,3816.0,125.41961150541653,39.68866995073891,296.4299429774947,0,0.6,0.0,21.618883456622676,107.1934638692032,28.2,25.873528512632078,25.679324218989873,4.4,10.9,0.0,1.4054798974884322,14.88114762157701,79.5307704037762,10.715149974673654,203.85364000874947,0.0,0.0,0.0,113.1764006061722,27.9,14.163377471209422,5.4925314577032385,147.18326640083563,5.0,28.57948883824715,91.06897006092002,195.99820617501706
SC-HAN-3''-1C,sc_26,102266.63834873609,279532.5479944124,5825.634019529444,45846.47287073667,413.69458955051175,18190.62889838327,6793.914672689826,0.0,41088.93506200781,383.9183637238893,3686.0,139.6029510646246,13.087684729064039,277.4254452764273,0,0.7,0.0,20.88490901828055,121.44506092400792,0.0,20.857232168346265,25.503035952040282,4.3,10.3,0.0,2.5298638154791777,14.79177135958556,72.19089790155856,10.411891013126288,197.86894599014397,0.0,0.0,1.2,101.66529661289485,17.1,13.73847614707314,4.924338548285662,201.02320133094545,2.9,27.82116077620411,139.85305270148336,206.00078307454265
SC-HAN-6.5''-1A,sc_27,97094.99872971223,270695.9948340257,5279.019162244771,59087.331461563146,258.09254562371217,15569.655536850722,3791.589237516616,0.0,36147.28140198905,558.5179332167193,22130.0,221.32872618602914,57.032512315270935,377.77723736989395,0,11.3,0.0,39.16754502789355,95.62361894836711,30.3,33.46397692832771,20.566964477451844,3.0,12.1,0.0,31.5530236986153,13.942696870666751,141.50159266933548,15.264034397884169,174.6782566680477,0.0,1.2,0.0,152.93323876782753,21.3,14.092560583853373,5.350483230348845,155.28652722967996,0.0,26.351900155995715,113.69579786460235,216.7878758093251
SC-HAN-6.5''-1B,sc_28,92227.57320592512,264352.9244961243,4929.382631909529,59197.67194982003,218.58937805009182,14066.378450534101,2794.3629404909993,0.0,32416.403282601677,541.0579762674364,25050.0,132.11094508778484,59.47980295566502,260.2308997373664,0,11.2,0.0,39.300994925773935,73.78649442890827,24.6,33.331969129793876,17.511301183659,0.0,11.5,0.0,33.80179153459679,13.942696870666751,138.90011887108113,15.567293359431536,157.62187871502206,0.0,0.9,0.0,127.10580375770108,20.6,13.242757935580808,5.4925314577032385,146.48202267526258,0.0,26.067527132729573,108.15944638072266,225.940560553989
SC-HAN-6.5''-1C,sc_29,101404.69841223212,274939.29016351834,5407.055074761902,56659.84071991163,268.7459589260468,16233.440224315205,3250.7447974215843,0.0,38428.04462969001,531.8262748919534,17840.0,204.17146059021294,46.60492610837438,281.5481140898864,0,10.2,0.0,35.030598193601556,107.95967876462281,33.4,36.43415239533904,22.15355887999813,2.4,13.2,0.0,25.860830113787145,14.210825656641113,127.84385522850008,14.657516474789434,184.17895842258392,0.0,0.0,0.0,145.00121752876248,20.4,15.154813894194081,5.255784412112582,144.4562074680515,6.1,26.351900155995715,132.5514877010043,218.35690747983892
SC-HAN-6''-1A,sc_30,102215.93599952996,279313.82143103646,5500.619780062882,51733.137919241606,355.5285081625827,17478.036513311104,5523.427077190997,0.0,38857.44758305347,442.5195985421726,9344.0,115.4683974598431,10.321182266009851,288.787922737912,0,0.3,0.0,25.021855852572543,92.25227340852084,43.1,16.698986514530397,22.094796124348264,0.0,11.4,0.0,10.04918126704229,15.32802893153428,69.68233388181326,10.512977333642077,184.62781047397937,0.0,0.0,2.2,101.37510071390466,14.8,13.101124160868714,4.971687957403794,93.03166759269337,5.0,26.63627317926186,106.47446984215054,202.99347237272448
SC-HAN-6''-1B,sc_31,104041.22057095014,288237.8652167736,5461.224114672995,61459.651959086215,322.79064684664934,17936.828870823323,3873.9225118617915,0.0,40258.28672599327,530.020072448924,15520.0,171.2867015315652,34.79408866995074,278.2298684595413,0,0.7,0.0,27.423954014419508,100.60401576859456,43.1,24.28943493022603,23.505102259944962,1.4,10.4,83.7,18.271238667349618,14.166137525645382,75.4427401493765,11.42275421828418,186.27360132909584,0.0,0.0,0.0,115.20777189910348,22.7,13.455208597648951,5.113736184758188,120.7697527375835,6.0,26.541482171506473,170.34310435183545,199.92078535130162
SC-HAN-6''-1C,sc_32,105562.29104713362,288850.2995942262,5338.112660329601,59694.20414697602,319.05806408378754,17897.782712737175,3785.9110806652243,0.0,39476.91413872533,520.5876819131046,15020.0,118.44232349645125,45.96650246305419,251.58335051889134,0,0.3,0.0,29.292252584744922,98.07550661370986,30.3,25.08148172142905,25.20922217379097,4.7,14.3,77.3,18.763156631470565,15.015212014564195,77.39384549806726,11.523840538799968,184.70261914921193,0.0,0.0,0.0,112.98293667351206,21.1,12.888673498800575,4.876989139167532,140.63832496215372,5.6,26.304504652118023,166.892914296664,204.30099876481933
SC-HAN-8 3-8''-1A,sc_33,97855.53396780399,267765.0588847885,3130.9705068612175,241645.66928258317,82.50563148742351,11255.055068331585,5222.484764067252,22977.763860280098,25229.1833582724,2667.1589408732298,243400.0,410.0586477400075,540.7448275862068,1003.8195796283342,0,10.5,0.0,143.45864022141592,36.70169349059923,0.0,121.77719414746474,10.107193971776333,0.0,28.3,0.0,395.0803991839983,8.803561806158173,220.66072395907537,42.860599898694616,96.50319105001351,0.0,10.7,0.0,1328.1298977117472,0.0,11.968053963171961,4.924338548285662,301.5348019964182,11.0,18.2472689929107,633.7116524591597,123.23436245493902
SC-HAN-8 3-8''-1B,sc_34,85889.77955516061,247248.50724012818,3547.5796683592657,193978.5783556078,79.93948083795603,11586.947412063828,3978.968413612532,11799.392252576265,25208.06518023813,2043.0156522264476,175300.0,307.6869630183041,414.65615763546793,214.9820956872061,0,8.0,0.0,148.79663613663138,55.78044438654748,56.5,134.05391941111156,11.341211840423444,0.0,25.3,116.0,276.52816983084904,9.697324426072708,192.88070018485914,35.27912586001043,108.32296173675937,0.0,8.9,0.0,936.6556299739874,11.1,12.817856611444528,5.019037366521925,200.24404163586428,7.6,20.56964868291752,335.6312790879546,144.285537367666
SC-HAN-9''-1A,sc_35,107590.38501537826,279970.0011211642,6047.234637347555,43512.771544103496,259.0256913144276,14735.04390775935,1206.6083309206754,0.0,43792.06185039415,492.08982114530926,4836.0,161.1639148300336,30.537931034482757,317.74715733001466,0,0.8,0.0,16.147437643526814,109.41548706592008,24.7,9.768577091503946,27.08963035458657,2.9,10.0,63.1,3.51369974372108,15.908974634478728,55.18840843439611,11.2205815772526,213.35434176328567,0.0,0.0,0.0,217.25999637731857,20.0,16.14625031717874,7.0077125494834425,153.96195574804193,4.7,30.61749550498783,256.3571447970392,175.33928917991852
SC-HAN-9''-1B,sc_36,107134.06387252321,276645.3573578504,5889.651975788009,44020.337790085185,253.58234145192088,14881.467000582397,1315.2030807035358,0.0,43545.68310666101,510.15184557560207,4778.0,136.11430706014198,32.87881773399015,321.4676145519167,0,0.3,0.0,14.746213715782751,118.22695836324556,0.0,6.4023782288911,28.441173734533404,3.8,12.2,66.1,3.1623297693489723,15.462093324521462,55.56004754843244,11.119495256736812,216.42149744782103,0.0,0.0,1.8,214.9384291853971,31.2,16.00461654246665,6.628917276538391,224.39799218338098,4.6,30.759682016620907,120.4357040188907,171.8743442408672
SC-HAN-9''-1C,sc_37,106829.84977728652,272620.78859173367,5943.821015699104,45951.296334580715,249.92752082995207,14432.436182591717,1049.0394782945634,0.0,44256.66176714804,525.0028434405094,6870.000000000001,157.67527082555097,64.69359605911329,322.57369642869844,0,0.4,0.0,18.3493609585532,108.87913663912633,29.3,11.220662875376155,28.970038535382162,3.5,10.4,75.6,5.27054961558162,15.149276407551373,61.2275440374866,11.523840538799968,214.70089791747193,0.0,0.0,4.2,222.77371845813212,24.1,15.579715218330364,6.25012200359334,146.09244282772198,5.0,30.807077520498588,113.85627182065684,172.13584951928618
